{
  "Name": "netowking-demo-ping-experiment",
  "StartTime": "2025-12-14T04:00:00Z",
  "MaxDuration": 3600000000000,
  "FsNodes": [
    {
      "Name": "oneweb-0008",
      "TLE": [
        "1 44059U 19010C   25347.49126494  .00000026  00000+0  35053-4 0  9990",
        "2 44059  87.9045 265.7535 0001501  76.4950 283.6348 13.16596955327295"
      ],
      "Geo": null,
      "Rotation": {
        "Yaw": 0,
        "Roll": 0.5,
        "Pitch": 0
      }
    },
    {
      "Name": "yaogan-25c",
      "TLE": [
        "1 40340U 14080C   25347.68170226 -.00000094  00000+0 -34110-5 0  9995",
        "2 40340  63.3891  69.1388 0350220   8.7364 351.9546 13.45322968540799"
      ],
      "Geo": null,
      "Rotation": {
        "Yaw": 0,
        "Roll": 0.5,
        "Pitch": 0
      }
    },
    {
      "Name": "kuiper-00060",
      "TLE": [
        "1 64520U 25134W   25347.67661551  .00090336  00000+0  11772-1 0  9999",
        "2 64520  51.9012 241.9729 0002741  78.7504 281.3767 14.79745195 27483"
      ],
      "Geo": null,
      "Rotation": {
        "Yaw": 0,
        "Roll": 0.5,
        "Pitch": 0
      }
    },
    {
      "Name": "new-norcia",
      "TLE": null,
      "Geo": {
        "Lat": -30.334846,
        "Lng": 116.85053
      },
      "Rotation": {
        "Yaw": 0,
        "Roll": 0,
        "Pitch": 0
      }
    }
  ]
}